{
  "topo": {
    "nodes": [
      {
        "id": "src",
        "type": "host"
      },
      {
        "id": "dst",
        "type": "host"
      },
      {
        "id": "a",
        "type": "router"
      },
      {
        "id": "b",
        "type": "router"
      },
      {
        "id": "c",
        "type": "router"
      },
      {
        "id": "d",
        "type": "router"
      }
    ],
    "links": [
      {
        "source": "src",
        "target": "a",
        "DataRate": "10Mbps",
        "Delay": "3.57ms",
        "Network": "10.1.0.0"
      },
      {
        "source": "dst",
        "target": "d",
        "DataRate": "10Mbps",
        "Delay": "4.17ms",
        "Network": "10.1.1.0"
      },
      {
        "source": "a",
        "target": "b",
        "DataRate": "10Mbps",
        "Delay": "3.57ms",
        "Network": "10.1.2.0"
      },
      {
        "source": "a",
        "target": "d",
        "DataRate": "10Mbps",
        "Delay": "4.17ms",
        "Network": "10.1.3.0"
      },
      {
        "source": "b",
        "target": "c",
        "DataRate": "10Mbps",
        "Delay": "4.17ms",
        "Network": "10.1.4.0"
      },
      {
        "source": "c",
        "target": "d",
        "DataRate": "10Mbps",
        "Delay": "4.17ms",
        "Network": "10.1.5.0"
      }
    ]
  },
  "flows": [
    {
      "Source": "src",
      "Sink": "dst",
      "StartTime": 1,
      "StopTime": 400,
      "DataRate": "1Mbps",
      "DstPort": 25000,
      "Type": "OnOff"
    },
    {
      "Source": "src",
      "Sink": "dst",
      "StartTime": 1,
      "StopTime": 400,
      "Interval": 1,
      "Size": 1024,
      "Type": "Ping"
    }
  ],
  "failures": [
    {
      "source": "a",
      "target": "d",
      "StartTime": 50,
      "StopTime": 300
    }
  ]
}
